0,0.003,1.839,352.28
0,0.005,1.826,355.64
0,0.008,1.814,359.03
0,0.013,1.803,362.45
0,0.019,1.794,365.9
0,0.028,1.786,369.37
0,0.04,1.779,372.86
0,0.056,1.773,376.38
0,0.076,1.768,379.91
0,0.103,1.763,383.45
0,0.138,1.76,387.01
0,0.181,1.757,390.57
0,0.235,1.754,394.14
0,0.301,1.752,397.72
0,0.382,1.751,401.3
0,0.479,1.75,404.87
0,0.594,1.75,408.44
0,0.731,1.749,412
0,0.892,1.75,415.56
0,1.013,1.75,417.9
0,1.08,1.75,419.1
0,1.296,1.751,422.63
0,1.546,1.752,426.14
0,1.831,1.753,429.63
0,2.155,1.755,433.1
0,2.521,1.757,436.54
0,2.933,1.758,439.95
0,3.395,1.76,443.33
0,3.909,1.762,446.66
0,4.481,1.765,449.95
0,5.113,1.767,453.2
0,5.811,1.769,456.38
0,6.577,1.771,459.51
0,7.418,1.773,462.56
0,8.336,1.776,465.54
0,9.336,1.778,468.43
0,10.424,1.78,471.21
0,11.604,1.781,473.89
0,12.882,1.783,476.43
0,14.262,1.785,478.82
0,15.751,1.786,481.03
0,17.355,1.786,483.02
0,19.081,1.787,484.76
0,20.935,1.786,486.19
0,22.926,1.785,487.2
0,25.063,1.783,487.69
0,27.357,1.779,487.41
0,29.822,1.773,485.94
0,32.478,1.762,482.23
5,0.003,1.856,355.65
5,0.005,1.842,359.05
5,0.008,1.83,362.47
5,0.013,1.819,365.93
5,0.019,1.81,369.42
5,0.028,1.802,372.92
5,0.04,1.794,376.45
5,0.056,1.788,380
5,0.076,1.783,383.57
5,0.103,1.778,387.15
5,0.138,1.774,390.74
5,0.181,1.771,394.34
5,0.235,1.769,397.95
5,0.301,1.767,401.57
5,0.382,1.765,405.19
5,0.479,1.764,408.8
5,0.594,1.764,412.42
5,0.731,1.764,416.03
5,0.892,1.764,419.63
5,1.013,1.764,422.01
5,1.08,1.764,423.23
5,1.296,1.765,426.81
5,1.546,1.766,430.37
5,1.831,1.767,433.92
5,2.155,1.769,437.44
5,2.521,1.77,440.94
5,2.933,1.772,444.41
5,3.395,1.774,447.86
5,3.909,1.776,451.26
5,4.481,1.778,454.63
5,5.113,1.78,457.95
5,5.811,1.783,461.22
5,6.577,1.785,464.43
5,7.418,1.787,467.59
5,8.336,1.79,470.67
5,9.336,1.792,473.68
5,10.424,1.794,476.59
5,11.604,1.796,479.41
5,12.882,1.798,482.12
5,14.262,1.8,484.7
5,15.751,1.801,487.14
5,17.355,1.802,489.41
5,19.081,1.803,491.49
5,20.935,1.804,493.34
5,22.926,1.804,494.93
5,25.063,1.803,496.19
5,27.357,1.802,497.06
5,29.822,1.8,497.46
5,32.478,1.797,497.28
10,0.003,1.872,359.06
10,0.005,1.858,362.49
10,0.008,1.846,365.95
10,0.013,1.835,369.45
10,0.019,1.826,372.96
10,0.028,1.817,376.51
10,0.04,1.81,380.07
10,0.056,1.803,383.65
10,0.076,1.798,387.26
10,0.103,1.793,390.87
10,0.138,1.789,394.5
10,0.181,1.786,398.14
10,0.235,1.783,401.79
10,0.301,1.781,405.45
10,0.382,1.78,409.11
10,0.479,1.778,412.76
10,0.594,1.778,416.42
10,0.731,1.777,420.08
10,0.892,1.778,423.73
10,1.013,1.778,426.14
10,1.08,1.778,427.37
10,1.296,1.779,431
10,1.546,1.78,434.61
10,1.831,1.781,438.21
10,2.155,1.782,441.8
10,2.521,1.784,445.35
10,2.933,1.786,448.89
10,3.395,1.788,452.39
10,3.909,1.79,455.87
10,4.481,1.792,459.3
10,5.113,1.794,462.7
10,5.811,1.796,466.05
10,6.577,1.799,469.35
10,7.418,1.801,472.59
10,8.336,1.803,475.77
10,9.336,1.806,478.88
10,10.424,1.808,481.92
10,11.604,1.81,484.87
10,12.882,1.812,487.72
10,14.262,1.814,490.46
10,15.751,1.816,493.09
10,17.355,1.818,495.58
10,19.081,1.819,497.91
10,20.935,1.82,500.07
10,22.926,1.821,502.03
10,25.063,1.821,503.76
10,27.357,1.821,505.23
10,29.822,1.82,506.4
10,32.478,1.819,507.23
15,0.003,1.889,362.5
15,0.005,1.875,365.97
15,0.008,1.862,369.47
15,0.013,1.851,373
15,0.019,1.841,376.55
15,0.028,1.833,380.12
15,0.04,1.825,383.72
15,0.056,1.818,387.34
15,0.076,1.813,390.98
15,0.103,1.808,394.63
15,0.138,1.804,398.3
15,0.181,1.8,401.97
15,0.235,1.797,405.66
15,0.301,1.795,409.35
15,0.382,1.794,413.05
15,0.479,1.792,416.75
15,0.594,1.792,420.45
15,0.731,1.791,424.15
15,0.892,1.791,427.85
15,1.013,1.791,430.29
15,1.08,1.792,431.54
15,1.296,1.792,435.21
15,1.546,1.793,438.88
15,1.831,1.794,442.53
15,2.155,1.796,446.17
15,2.521,1.797,449.78
15,2.933,1.799,453.38
15,3.395,1.801,456.94
15,3.909,1.803,460.48
15,4.481,1.805,463.98
15,5.113,1.807,467.45
15,5.811,1.81,470.87
15,6.577,1.812,474.25
15,7.418,1.814,477.58
15,8.336,1.817,480.85
15,9.336,1.819,484.06
15,10.424,1.822,487.2
15,11.604,1.824,490.27
15,12.882,1.826,493.25
15,14.262,1.828,496.13
15,15.751,1.83,498.92
15,17.355,1.832,501.59
15,19.081,1.834,504.12
15,20.935,1.835,506.52
15,22.926,1.837,508.76
15,25.063,1.838,510.82
15,27.357,1.838,512.68
15,29.822,1.838,514.32
15,32.478,1.838,515.71
20,0.003,1.905,365.98
20,0.005,1.891,369.49
20,0.008,1.878,373.02
20,0.013,1.867,376.58
20,0.019,1.857,380.16
20,0.028,1.848,383.77
20,0.04,1.84,387.4
20,0.056,1.833,391.06
20,0.076,1.827,394.73
20,0.103,1.822,398.42
20,0.138,1.818,402.12
20,0.181,1.815,405.83
20,0.235,1.812,409.56
20,0.301,1.809,413.29
20,0.382,1.807,417.02
20,0.479,1.806,420.77
20,0.594,1.805,424.51
20,0.731,1.805,428.25
20,0.892,1.805,431.99
20,1.013,1.805,434.46
20,1.08,1.805,435.73
20,1.296,1.806,439.45
20,1.546,1.807,443.17
20,1.831,1.808,446.87
20,2.155,1.809,450.56
20,2.521,1.811,454.23
20,2.933,1.812,457.88
20,3.395,1.814,461.5
20,3.909,1.816,465.1
20,4.481,1.818,468.67
20,5.113,1.821,472.2
20,5.811,1.823,475.7
20,6.577,1.825,479.15
20,7.418,1.828,482.56
20,8.336,1.83,485.92
20,9.336,1.833,489.22
20,10.424,1.835,492.46
20,11.604,1.837,495.63
20,12.882,1.84,498.72
20,14.262,1.842,501.74
20,15.751,1.844,504.66
20,17.355,1.846,507.48
20,19.081,1.848,510.19
20,20.935,1.85,512.78
20,22.926,1.852,515.24
20,25.063,1.853,517.56
20,27.357,1.854,519.71
20,29.822,1.855,521.69
20,32.478,1.855,523.46
25,0.003,1.921,369.5
25,0.005,1.906,373.03
25,0.008,1.893,376.6
25,0.013,1.882,380.19
25,0.019,1.872,383.81
25,0.028,1.863,387.45
25,0.04,1.855,391.12
25,0.056,1.848,394.8
25,0.076,1.842,398.51
25,0.103,1.837,402.23
25,0.138,1.832,405.97
25,0.181,1.829,409.72
25,0.235,1.826,413.48
25,0.301,1.823,417.25
25,0.382,1.821,421.03
25,0.479,1.82,424.81
25,0.594,1.819,428.59
25,0.731,1.818,432.38
25,0.892,1.818,436.16
25,1.013,1.818,438.66
25,1.08,1.818,439.94
25,1.296,1.819,443.71
25,1.546,1.82,447.48
25,1.831,1.821,451.23
25,2.155,1.822,454.97
25,2.521,1.824,458.69
25,2.933,1.825,462.4
25,3.395,1.827,466.08
25,3.909,1.829,469.74
25,4.481,1.831,473.37
25,5.113,1.834,476.97
25,5.811,1.836,480.53
25,6.577,1.838,484.06
25,7.418,1.841,487.54
25,8.336,1.843,490.98
25,9.336,1.846,494.36
25,10.424,1.848,497.69
25,11.604,1.851,500.96
25,12.882,1.853,504.16
25,14.262,1.856,507.28
25,15.751,1.858,510.33
25,17.355,1.86,513.29
25,19.081,1.862,516.15
25,20.935,1.864,518.91
25,22.926,1.866,521.55
25,25.063,1.868,524.07
25,27.357,1.869,526.46
25,29.822,1.871,528.69
25,32.478,1.871,530.76
30,0.003,1.936,373.04
30,0.005,1.922,376.61
30,0.008,1.909,380.21
30,0.013,1.897,383.83
30,0.019,1.887,387.49
30,0.028,1.877,391.16
30,0.04,1.869,394.86
30,0.056,1.862,398.58
30,0.076,1.856,402.32
30,0.103,1.851,406.08
30,0.138,1.846,409.85
30,0.181,1.843,413.63
30,0.235,1.839,417.43
30,0.301,1.837,421.24
30,0.382,1.835,425.06
30,0.479,1.833,428.88
30,0.594,1.832,432.7
30,0.731,1.832,436.53
30,0.892,1.832,440.36
30,1.013,1.832,442.89
30,1.08,1.832,444.18
30,1.296,1.832,448
30,1.546,1.833,451.81
30,1.831,1.834,455.61
30,2.155,1.835,459.4
30,2.521,1.837,463.18
30,2.933,1.838,466.94
30,3.395,1.84,470.67
30,3.909,1.842,474.39
30,4.481,1.844,478.08
30,5.113,1.846,481.74
30,5.811,1.849,485.37
30,6.577,1.851,488.96
30,7.418,1.854,492.52
30,8.336,1.856,496.03
30,9.336,1.859,499.5
30,10.424,1.861,502.91
30,11.604,1.864,506.27
30,12.882,1.866,509.56
30,14.262,1.869,512.79
30,15.751,1.871,515.95
30,17.355,1.874,519.03
30,19.081,1.876,522.02
30,20.935,1.878,524.93
30,22.926,1.88,527.73
30,25.063,1.882,530.43
30,27.357,1.884,533
30,29.822,1.885,535.45
30,32.478,1.887,537.76
35,0.003,1.952,376.62
35,0.005,1.937,380.22
35,0.008,1.924,383.85
35,0.013,1.912,387.51
35,0.019,1.901,391.2
35,0.028,1.892,394.9
35,0.04,1.884,398.63
35,0.056,1.877,402.39
35,0.076,1.87,406.16
35,0.103,1.865,409.95
35,0.138,1.86,413.76
35,0.181,1.856,417.58
35,0.235,1.853,421.42
35,0.301,1.85,425.26
35,0.382,1.848,429.12
35,0.479,1.847,432.98
35,0.594,1.846,436.84
35,0.731,1.845,440.71
35,0.892,1.845,444.58
35,1.013,1.845,447.14
35,1.08,1.845,448.45
35,1.296,1.845,452.31
35,1.546,1.846,456.17
35,1.831,1.847,460.02
35,2.155,1.848,463.86
35,2.521,1.849,467.68
35,2.933,1.851,471.49
35,3.395,1.853,475.29
35,3.909,1.855,479.06
35,4.481,1.857,482.8
35,5.113,1.859,486.53
35,5.811,1.862,490.22
35,6.577,1.864,493.88
35,7.418,1.866,497.5
35,8.336,1.869,501.08
35,9.336,1.872,504.63
35,10.424,1.874,508.12
35,11.604,1.877,511.56
35,12.882,1.879,514.95
35,14.262,1.882,518.27
35,15.751,1.884,521.53
35,17.355,1.887,524.73
35,19.081,1.889,527.84
35,20.935,1.892,530.87
35,22.926,1.894,533.81
35,25.063,1.896,536.66
35,27.357,1.898,539.4
35,29.822,1.9,542.03
35,32.478,1.901,544.53
40,0.003,1.967,380.23
40,0.005,1.952,383.87
40,0.008,1.939,387.53
40,0.013,1.927,391.22
40,0.019,1.916,394.94
40,0.028,1.907,398.68
40,0.04,1.898,402.44
40,0.056,1.891,406.23
40,0.076,1.884,410.03
40,0.103,1.879,413.86
40,0.138,1.874,417.7
40,0.181,1.87,421.56
40,0.235,1.867,425.43
40,0.301,1.864,429.31
40,0.382,1.862,433.2
40,0.479,1.86,437.11
40,0.594,1.859,441.01
40,0.731,1.858,444.92
40,0.892,1.858,448.83
40,1.013,1.858,451.42
40,1.08,1.858,452.74
40,1.296,1.858,456.65
40,1.546,1.859,460.55
40,1.831,1.86,464.45
40,2.155,1.861,468.33
40,2.521,1.862,472.21
40,2.933,1.864,476.07
40,3.395,1.866,479.92
40,3.909,1.868,483.74
40,4.481,1.87,487.55
40,5.113,1.872,491.33
40,5.811,1.874,495.08
40,6.577,1.877,498.8
40,7.418,1.879,502.49
40,8.336,1.882,506.14
40,9.336,1.884,509.76
40,10.424,1.887,513.33
40,11.604,1.889,516.85
40,12.882,1.892,520.32
40,14.262,1.895,523.73
40,15.751,1.897,527.09
40,17.355,1.9,530.38
40,19.081,1.902,533.6
40,20.935,1.905,536.75
40,22.926,1.907,539.82
40,25.063,1.909,542.8
40,27.357,1.912,545.69
40,29.822,1.913,548.48
40,32.478,1.915,551.15
45,0.003,1.982,383.88
45,0.005,1.967,387.54
45,0.008,1.954,391.24
45,0.013,1.941,394.96
45,0.019,1.931,398.71
45,0.028,1.921,402.48
45,0.04,1.912,406.28
45,0.056,1.905,410.1
45,0.076,1.898,413.94
45,0.103,1.893,417.8
45,0.138,1.888,421.67
45,0.181,1.884,425.56
45,0.235,1.88,429.47
45,0.301,1.877,433.39
45,0.382,1.875,437.32
45,0.479,1.873,441.26
45,0.594,1.872,445.21
45,0.731,1.871,449.16
45,0.892,1.871,453.11
45,1.013,1.871,455.72
45,1.08,1.871,457.06
45,1.296,1.871,461.01
45,1.546,1.871,464.96
45,1.831,1.872,468.9
45,2.155,1.873,472.84
45,2.521,1.875,476.76
45,2.933,1.876,480.67
45,3.395,1.878,484.57
45,3.909,1.88,488.45
45,4.481,1.882,492.31
45,5.113,1.884,496.14
45,5.811,1.887,499.95
45,6.577,1.889,503.74
45,7.418,1.892,507.49
45,8.336,1.894,511.21
45,9.336,1.897,514.89
45,10.424,1.899,518.53
45,11.604,1.902,522.13
45,12.882,1.905,525.68
45,14.262,1.907,529.18
45,15.751,1.91,532.62
45,17.355,1.913,536.01
45,19.081,1.915,539.33
45,20.935,1.918,542.59
45,22.926,1.92,545.77
45,25.063,1.923,548.88
45,27.357,1.925,551.89
45,29.822,1.927,554.82
45,32.478,1.929,557.64
50,0.003,1.997,387.55
50,0.005,1.982,391.25
50,0.008,1.968,394.97
50,0.013,1.956,398.73
50,0.019,1.945,402.51
50,0.028,1.935,406.31
50,0.04,1.926,410.14
50,0.056,1.919,414
50,0.076,1.912,417.87
50,0.103,1.906,421.76
50,0.138,1.901,425.67
50,0.181,1.897,429.6
50,0.235,1.893,433.55
50,0.301,1.891,437.5
50,0.382,1.888,441.47
50,0.479,1.886,445.45
50,0.594,1.885,449.43
50,0.731,1.884,453.42
50,0.892,1.884,457.41
50,1.013,1.883,460.06
50,1.08,1.883,461.41
50,1.296,1.884,465.4
50,1.546,1.884,469.39
50,1.831,1.885,473.38
50,2.155,1.886,477.36
50,2.521,1.887,481.33
50,2.933,1.889,485.3
50,3.395,1.891,489.24
50,3.909,1.892,493.17
50,4.481,1.895,497.08
50,5.113,1.897,500.98
50,5.811,1.899,504.84
50,6.577,1.901,508.69
50,7.418,1.904,512.5
50,8.336,1.906,516.28
50,9.336,1.909,520.03
50,10.424,1.912,523.74
50,11.604,1.914,527.41
50,12.882,1.917,531.04
50,14.262,1.92,534.62
50,15.751,1.923,538.14
50,17.355,1.925,541.62
50,19.081,1.928,545.03
50,20.935,1.93,548.39
50,22.926,1.933,551.68
50,25.063,1.936,554.89
50,27.357,1.938,558.03
50,29.822,1.94,561.08
50,32.478,1.942,564.03
55,0.003,2.012,391.25
55,0.005,1.997,394.99
55,0.008,1.983,398.74
55,0.013,1.97,402.53
55,0.019,1.959,406.34
55,0.028,1.949,410.18
55,0.04,1.94,414.04
55,0.056,1.933,417.93
55,0.076,1.926,421.83
55,0.103,1.92,425.76
55,0.138,1.915,429.71
55,0.181,1.91,433.67
55,0.235,1.907,437.65
55,0.301,1.904,441.64
55,0.382,1.901,445.65
55,0.479,1.899,449.66
55,0.594,1.898,453.68
55,0.731,1.897,457.71
55,0.892,1.896,461.75
55,1.013,1.896,464.42
55,1.08,1.896,465.78
55,1.296,1.896,469.82
55,1.546,1.897,473.86
55,1.831,1.897,477.89
55,2.155,1.898,481.92
55,2.521,1.9,485.93
55,2.933,1.901,489.94
55,3.395,1.903,493.94
55,3.909,1.905,497.92
55,4.481,1.907,501.88
55,5.113,1.909,505.83
55,5.811,1.911,509.75
55,6.577,1.914,513.65
55,7.418,1.916,517.52
55,8.336,1.919,521.37
55,9.336,1.921,525.18
55,10.424,1.924,528.95
55,11.604,1.927,532.69
55,12.882,1.929,536.39
55,14.262,1.932,540.05
55,15.751,1.935,543.65
55,17.355,1.938,547.21
55,19.081,1.94,550.72
55,20.935,1.943,554.16
55,22.926,1.946,557.55
55,25.063,1.948,560.86
55,27.357,1.951,564.11
55,29.822,1.953,567.28
55,32.478,1.955,570.35
60,0.003,2.027,394.99
60,0.005,2.011,398.75
60,0.008,1.997,402.54
60,0.013,1.984,406.36
60,0.019,1.973,410.2
60,0.028,1.963,414.07
60,0.04,1.954,417.97
60,0.056,1.946,421.89
60,0.076,1.939,425.83
60,0.103,1.933,429.79
60,0.138,1.928,433.77
60,0.181,1.924,437.77
60,0.235,1.92,441.78
60,0.301,1.917,445.81
60,0.382,1.914,449.85
60,0.479,1.912,453.91
60,0.594,1.911,457.97
60,0.731,1.91,462.04
60,0.892,1.909,466.11
60,1.013,1.909,468.81
60,1.08,1.909,470.19
60,1.296,1.909,474.27
60,1.546,1.909,478.35
60,1.831,1.91,482.42
60,2.155,1.911,486.49
60,2.521,1.912,490.56
60,2.933,1.913,494.61
60,3.395,1.915,498.66
60,3.909,1.917,502.69
60,4.481,1.919,506.7
60,5.113,1.921,510.7
60,5.811,1.923,514.68
60,6.577,1.926,518.63
60,7.418,1.928,522.56
60,8.336,1.931,526.46
60,9.336,1.933,530.34
60,10.424,1.936,534.18
60,11.604,1.939,537.98
60,12.882,1.942,541.75
60,14.262,1.944,545.48
60,15.751,1.947,549.16
60,17.355,1.95,552.79
60,19.081,1.953,556.38
60,20.935,1.955,559.91
60,22.926,1.958,563.39
60,25.063,1.961,566.8
60,27.357,1.963,570.15
60,29.822,1.966,573.42
60,32.478,1.968,576.61
65,0.003,2.041,398.76
65,0.005,2.025,402.55
65,0.008,2.011,406.37
65,0.013,1.998,410.22
65,0.019,1.987,414.1
65,0.028,1.977,418
65,0.04,1.968,421.93
65,0.056,1.96,425.88
65,0.076,1.953,429.85
65,0.103,1.947,433.85
65,0.138,1.941,437.86
65,0.181,1.937,441.9
65,0.235,1.933,445.95
65,0.301,1.93,450.01
65,0.382,1.927,454.09
65,0.479,1.925,458.18
65,0.594,1.923,462.28
65,0.731,1.922,466.39
65,0.892,1.921,470.5
65,1.013,1.921,473.23
65,1.08,1.921,474.62
65,1.296,1.921,478.74
65,1.546,1.921,482.86
65,1.831,1.922,486.98
65,2.155,1.923,491.1
65,2.521,1.924,495.2
65,2.933,1.926,499.31
65,3.395,1.927,503.4
65,3.909,1.929,507.48
65,4.481,1.931,511.54
65,5.113,1.933,515.59
65,5.811,1.935,519.62
65,6.577,1.938,523.63
65,7.418,1.94,527.62
65,8.336,1.943,531.58
65,9.336,1.945,535.51
65,10.424,1.948,539.41
65,11.604,1.951,543.28
65,12.882,1.954,547.11
65,14.262,1.956,550.91
65,15.751,1.959,554.66
65,17.355,1.962,558.37
65,19.081,1.965,562.04
65,20.935,1.968,565.65
65,22.926,1.97,569.21
65,25.063,1.973,572.72
65,27.357,1.976,576.16
65,29.822,1.978,579.53
65,32.478,1.981,582.82
70,0.003,2.056,402.56
70,0.005,2.04,406.38
70,0.008,2.025,410.24
70,0.013,2.012,414.12
70,0.019,2.001,418.02
70,0.028,1.99,421.96
70,0.04,1.981,425.92
70,0.056,1.973,429.9
70,0.076,1.966,433.91
70,0.103,1.96,437.94
70,0.138,1.954,441.99
70,0.181,1.95,446.06
70,0.235,1.946,450.14
70,0.301,1.942,454.24
70,0.382,1.94,458.36
70,0.479,1.937,462.49
70,0.594,1.936,466.62
70,0.731,1.935,470.77
70,0.892,1.934,474.92
70,1.013,1.934,477.67
70,1.08,1.933,479.08
70,1.296,1.933,483.24
70,1.546,1.934,487.41
70,1.831,1.934,491.57
70,2.155,1.935,495.73
70,2.521,1.936,499.88
70,2.933,1.938,504.03
70,3.395,1.939,508.17
70,3.909,1.941,512.29
70,4.481,1.943,516.41
70,5.113,1.945,520.5
70,5.811,1.947,524.59
70,6.577,1.95,528.65
70,7.418,1.952,532.69
70,8.336,1.955,536.7
70,9.336,1.957,540.69
70,10.424,1.96,544.65
70,11.604,1.963,548.58
70,12.882,1.966,552.48
70,14.262,1.968,556.34
70,15.751,1.971,560.16
70,17.355,1.974,563.95
70,19.081,1.977,567.69
70,20.935,1.98,571.38
70,22.926,1.982,575.02
70,25.063,1.985,578.61
70,27.357,1.988,582.14
70,29.822,1.99,585.6
70,32.478,1.993,588.99
75,0.003,2.07,406.39
75,0.005,2.054,410.25
75,0.008,2.039,414.13
75,0.013,2.026,418.04
75,0.019,2.014,421.98
75,0.028,2.004,425.95
75,0.04,1.995,429.94
75,0.056,1.986,433.96
75,0.076,1.979,438
75,0.103,1.973,442.06
75,0.138,1.967,446.14
75,0.181,1.962,450.25
75,0.235,1.958,454.37
75,0.301,1.955,458.5
75,0.382,1.952,462.66
75,0.479,1.95,466.82
75,0.594,1.948,471
75,0.731,1.947,475.18
75,0.892,1.946,479.38
75,1.013,1.946,482.15
75,1.08,1.946,483.57
75,1.296,1.946,487.77
75,1.546,1.946,491.98
75,1.831,1.946,496.18
75,2.155,1.947,500.38
75,2.521,1.948,504.58
75,2.933,1.95,508.77
75,3.395,1.951,512.96
75,3.909,1.953,517.13
75,4.481,1.955,521.29
75,5.113,1.957,525.44
75,5.811,1.959,529.57
75,6.577,1.962,533.68
75,7.418,1.964,537.78
75,8.336,1.967,541.85
75,9.336,1.969,545.89
75,10.424,1.972,549.91
75,11.604,1.975,553.9
75,12.882,1.977,557.86
75,14.262,1.98,561.78
75,15.751,1.983,565.67
75,17.355,1.986,569.52
75,19.081,1.989,573.33
75,20.935,1.992,577.1
75,22.926,1.994,580.82
75,25.063,1.997,584.49
75,27.357,2,588.1
75,29.822,2.002,591.65
75,32.478,2.005,595.12
80,0.003,2.084,410.25
80,0.005,2.067,414.14
80,0.008,2.053,418.05
80,0.013,2.04,422
80,0.019,2.028,425.97
80,0.028,2.017,429.97
80,0.04,2.008,433.99
80,0.056,1.999,438.04
80,0.076,1.992,442.12
80,0.103,1.986,446.21
80,0.138,1.98,450.33
80,0.181,1.975,454.47
80,0.235,1.971,458.62
80,0.301,1.968,462.8
80,0.382,1.965,466.99
80,0.479,1.962,471.19
80,0.594,1.961,475.4
80,0.731,1.959,479.62
80,0.892,1.958,483.86
80,1.013,1.958,486.66
80,1.08,1.958,488.09
80,1.296,1.958,492.34
80,1.546,1.958,496.58
80,1.831,1.959,500.83
80,2.155,1.959,505.07
80,2.521,1.96,509.31
80,2.933,1.962,513.55
80,3.395,1.963,517.77
80,3.909,1.965,521.99
80,4.481,1.967,526.2
80,5.113,1.969,530.4
80,5.811,1.971,534.58
80,6.577,1.973,538.74
80,7.418,1.976,542.88
80,8.336,1.978,547.01
80,9.336,1.981,551.11
80,10.424,1.984,555.18
80,11.604,1.986,559.23
80,12.882,1.989,563.25
80,14.262,1.992,567.23
80,15.751,1.995,571.19
80,17.355,1.998,575.1
80,19.081,2,578.98
80,20.935,2.003,582.82
80,22.926,2.006,586.61
80,25.063,2.009,590.35
80,27.357,2.012,594.04
80,29.822,2.014,597.67
80,32.478,2.017,601.24
85,0.003,2.098,414.14
85,0.005,2.081,418.06
85,0.008,2.066,422.01
85,0.013,2.053,425.99
85,0.019,2.041,429.99
85,0.028,2.03,434.02
85,0.04,2.021,438.08
85,0.056,2.013,442.16
85,0.076,2.005,446.27
85,0.103,1.999,450.4
85,0.138,1.993,454.55
85,0.181,1.988,458.72
85,0.235,1.984,462.91
85,0.301,1.98,467.12
85,0.382,1.977,471.35
85,0.479,1.975,475.59
85,0.594,1.973,479.84
85,0.731,1.972,484.1
85,0.892,1.971,488.37
85,1.013,1.97,491.19
85,1.08,1.97,492.64
85,1.296,1.97,496.93
85,1.546,1.97,501.21
85,1.831,1.97,505.5
85,2.155,1.971,509.78
85,2.521,1.972,514.07
85,2.933,1.973,518.34
85,3.395,1.975,522.62
85,3.909,1.977,526.88
85,4.481,1.978,531.14
85,5.113,1.98,535.38
85,5.811,1.983,539.61
85,6.577,1.985,543.82
85,7.418,1.987,548.01
85,8.336,1.99,552.19
85,9.336,1.992,556.34
85,10.424,1.995,560.47
85,11.604,1.998,564.57
85,12.882,2.001,568.65
85,14.262,2.003,572.69
85,15.751,2.006,576.71
85,17.355,2.009,580.69
85,19.081,2.012,584.63
85,20.935,2.015,588.53
85,22.926,2.018,592.4
85,25.063,2.021,596.21
85,27.357,2.023,599.98
85,29.822,2.026,603.69
85,32.478,2.029,607.33
90,0.003,2.111,418.07
90,0.005,2.095,422.02
90,0.008,2.08,426
90,0.013,2.066,430
90,0.019,2.054,434.04
90,0.028,2.044,438.1
90,0.04,2.034,442.19
90,0.056,2.025,446.31
90,0.076,2.018,450.45
90,0.103,2.011,454.62
90,0.138,2.006,458.8
90,0.181,2.001,463.01
90,0.235,1.996,467.24
90,0.301,1.993,471.48
90,0.382,1.99,475.74
90,0.479,1.987,480.01
90,0.594,1.985,484.3
90,0.731,1.984,488.6
90,0.892,1.983,492.91
90,1.013,1.982,495.76
90,1.08,1.982,497.22
90,1.296,1.982,501.55
90,1.546,1.982,505.87
90,1.831,1.982,510.2
90,2.155,1.983,514.52
90,2.521,1.984,518.85
90,2.933,1.985,523.17
90,3.395,1.987,527.49
90,3.909,1.988,531.79
90,4.481,1.99,536.09
90,5.113,1.992,540.38
90,5.811,1.994,544.66
90,6.577,1.997,548.92
90,7.418,1.999,553.16
90,8.336,2.001,557.39
90,9.336,2.004,561.59
90,10.424,2.007,565.77
90,11.604,2.009,569.93
90,12.882,2.012,574.06
90,14.262,2.015,578.17
90,15.751,2.018,582.24
90,17.355,2.021,586.28
90,19.081,2.024,590.28
90,20.935,2.026,594.25
90,22.926,2.029,598.18
90,25.063,2.032,602.07
90,27.357,2.035,605.9
90,29.822,2.038,609.69
90,32.478,2.04,613.41
95,0.003,2.125,422.02
95,0.005,2.108,426
95,0.008,2.093,430.01
95,0.013,2.08,434.05
95,0.019,2.067,438.12
95,0.028,2.057,442.22
95,0.04,2.047,446.34
95,0.056,2.038,450.49
95,0.076,2.031,454.67
95,0.103,2.024,458.86
95,0.138,2.018,463.08
95,0.181,2.013,467.32
95,0.235,2.009,471.59
95,0.301,2.005,475.87
95,0.382,2.002,480.16
95,0.479,1.999,484.47
95,0.594,1.997,488.8
95,0.731,1.996,493.13
95,0.892,1.995,497.48
95,1.013,1.994,500.36
95,1.08,1.994,501.83
95,1.296,1.994,506.19
95,1.546,1.994,510.56
95,1.831,1.994,514.92
95,2.155,1.995,519.29
95,2.521,1.996,523.66
95,2.933,1.997,528.02
95,3.395,1.998,532.38
95,3.909,2,536.73
95,4.481,2.002,541.08
95,5.113,2.004,545.41
95,5.811,2.006,549.73
95,6.577,2.008,554.04
95,7.418,2.01,558.33
95,8.336,2.013,562.61
95,9.336,2.015,566.86
95,10.424,2.018,571.1
95,11.604,2.021,575.3
95,12.882,2.024,579.49
95,14.262,2.026,583.65
95,15.751,2.029,587.78
95,17.355,2.032,591.88
95,19.081,2.035,595.95
95,20.935,2.038,599.98
95,22.926,2.041,603.97
95,25.063,2.044,607.92
95,27.357,2.047,611.83
95,29.822,2.049,615.68
95,32.478,2.052,619.48
100,0.003,2.138,426.01
100,0.005,2.122,430.02
100,0.008,2.106,434.06
100,0.013,2.093,438.14
100,0.019,2.081,442.24
100,0.028,2.07,446.37
100,0.04,2.06,450.52
100,0.056,2.051,454.7
100,0.076,2.043,458.91
100,0.103,2.037,463.14
100,0.138,2.031,467.4
100,0.181,2.025,471.67
100,0.235,2.021,475.97
100,0.301,2.017,480.29
100,0.382,2.014,484.62
100,0.479,2.011,488.96
100,0.594,2.009,493.32
100,0.731,2.008,497.7
100,0.892,2.007,502.08
100,1.013,2.006,504.99
100,1.08,2.006,506.47
100,1.296,2.006,510.87
100,1.546,2.006,515.27
100,1.831,2.006,519.68
100,2.155,2.006,524.09
100,2.521,2.007,528.5
100,2.933,2.009,532.9
100,3.395,2.01,537.3
100,3.909,2.011,541.7
100,4.481,2.013,546.09
100,5.113,2.015,550.46
100,5.811,2.017,554.83
100,6.577,2.019,559.18
100,7.418,2.022,563.52
100,8.336,2.024,567.85
100,9.336,2.027,572.15
100,10.424,2.029,576.43
100,11.604,2.032,580.7
100,12.882,2.035,584.93
100,14.262,2.038,589.15
100,15.751,2.041,593.33
100,17.355,2.043,597.49
100,19.081,2.046,601.62
100,20.935,2.049,605.71
100,22.926,2.052,609.76
100,25.063,2.055,613.78
100,27.357,2.058,617.75
100,29.822,2.061,621.67
100,32.478,2.063,625.54
